{"cameraMode":{"drawMode":0,"name":"Shaded","section":"Shading Mode"},"sceneLighting":false,"audioPlay":false,"sceneViewState":{"m_AlwaysRefresh":false,"showFog":true,"showSkybox":false,"showFlares":true,"showImageEffects":true,"showParticleSystems":true,"showVisualEffectGraphs":true,"m_FxEnabled":true},"in2DMode":false,"pivot":{"x":26.020523071289064,"y":0.023948192596435548,"z":22.635927200317384},"rotation":{"x":-0.0779634490609169,"y":0.8973261713981628,"z":-0.17611666023731233,"w":-0.39717182517051699},"size":2.9236533641815187,"orthographic":false}