{"cameraMode":{"drawMode":0,"name":"Shaded","section":"Shading Mode"},"sceneLighting":true,"audioPlay":false,"sceneViewState":{"m_AlwaysRefresh":false,"showFog":true,"showSkybox":true,"showFlares":true,"showImageEffects":true,"showParticleSystems":true,"showVisualEffectGraphs":true,"m_FxEnabled":true},"in2DMode":false,"pivot":{"x":-1.6092281341552735,"y":7.740699768066406,"z":45.31886672973633},"rotation":{"x":-0.002062117215245962,"y":0.9884812235832214,"z":-0.013654607348144055,"w":-0.1509244441986084},"size":0.8660253882408142,"orthographic":false}