{"cameraMode":{"drawMode":0,"name":"Shaded","section":"Shading Mode"},"sceneLighting":true,"audioPlay":false,"sceneViewState":{"m_AlwaysRefresh":false,"showFog":true,"showSkybox":true,"showFlares":true,"showImageEffects":true,"showParticleSystems":true,"showVisualEffectGraphs":true,"m_FxEnabled":true},"in2DMode":false,"pivot":{"x":-34.04471969604492,"y":1.7076478004455567,"z":0.5201998353004456},"rotation":{"x":-0.01155720092356205,"y":0.6609323024749756,"z":-0.010040726512670517,"w":-0.7503730058670044},"size":2.7842166423797609,"orthographic":false}